Order-Id,Item-id,Product-Id,Quantity,Sales-Id,Customer-Id,Sales-Price-Per-Prod,Market-Segment
0,0,4,5,6,13,157,financial
1,1,8,22,3,27,201,software
2,2,2,23,4,8,211,retail
3,3,18,3,2,1,101,realestate
4,4,19,5,9,19,97,education
5,5,9,7,7,24,98,financial
6,6,12,13,8,5,109,retail
7,7,14,27,4,4,179,education
8,8,9,10,5,3,77,education
9,9,2,21,6,11,217,education
10,10,3,3,4,25,200,retail
11,11,7,24,9,13,140,realestate
12,12,11,27,0,26,137,education
13,13,13,10,9,15,88,pharmaceutical
14,14,11,4,9,16,134,realestate
15,15,6,26,5,29,53,retail
16,16,7,29,6,1,163,software
17,17,6,22,0,19,59,education
18,18,0,1,8,2,120,retail
19,19,16,7,2,13,155,pharmaceutical
20,20,19,27,9,22,116,pharmaceutical
21,21,2,21,5,27,199,realestate
22,22,19,13,7,5,99,financial
23,23,11,13,4,1,106,financial
24,24,7,17,9,10,122,education
25,25,5,8,8,2,96,pharmaceutical
26,26,17,3,4,4,192,education
27,27,2,2,7,16,204,education
28,28,15,11,3,13,204,software
29,29,16,4,0,9,158,realestate
30,30,14,10,8,19,182,realestate
31,31,3,10,6,23,192,software
32,32,11,28,2,5,124,retail
33,33,12,5,4,24,80,realestate
34,34,0,16,9,7,120,realestate
35,35,12,27,9,4,84,software
36,36,17,7,1,9,205,software
37,37,0,4,2,20,123,education
38,38,18,14,1,26,100,realestate
39,39,17,17,9,29,192,pharmaceutical
40,40,18,14,3,24,96,retail
41,41,3,7,7,10,180,financial
42,42,12,13,0,17,81,education
43,43,1,22,1,15,198,software
44,44,6,23,9,9,49,education
45,45,15,3,5,24,200,education
46,46,8,25,0,20,167,retail
47,47,8,11,9,10,143,retail
48,48,2,22,2,20,219,realestate
49,49,17,8,2,5,201,retail
50,50,7,16,7,3,135,software
51,51,1,25,3,27,183,financial
52,52,19,3,2,28,91,retail
53,53,6,28,1,3,61,pharmaceutical
54,54,11,3,9,8,130,retail
55,55,14,8,1,12,191,pharmaceutical
56,56,17,1,0,2,183,financial
57,57,13,27,4,0,136,realestate
58,58,13,15,2,2,134,financial
59,59,5,20,8,23,108,education
60,60,3,23,4,8,184,pharmaceutical
61,61,0,19,0,10,120,realestate
62,62,12,14,9,12,95,software
63,63,1,11,1,25,171,pharmaceutical
64,64,6,12,9,3,48,software
65,65,6,12,8,25,54,realestate
66,66,8,11,6,2,207,pharmaceutical
67,67,18,8,8,22,94,financial
68,68,17,21,6,27,197,software
69,69,7,10,2,9,135,pharmaceutical
70,70,5,24,1,24,92,software
71,71,13,10,3,2,102,financial
72,72,11,28,1,27,126,realestate
73,73,0,1,3,23,120,financial
74,74,3,9,0,4,173,realestate
75,75,17,8,7,9,201,education
76,76,8,25,9,7,157,pharmaceutical
77,77,0,2,3,4,123,realestate
78,78,15,9,5,10,197,retail
79,79,15,7,1,2,217,financial
80,80,14,18,5,0,183,pharmaceutical
81,81,4,5,0,2,140,software
82,82,9,23,2,13,46,financial
83,83,5,8,7,2,94,realestate
84,84,1,12,9,26,198,software
85,85,15,17,4,1,201,financial
86,86,14,15,6,29,188,software
87,87,19,11,1,0,75,education
88,88,6,13,6,27,42,retail
89,89,7,8,8,22,165,software
90,90,1,21,9,16,197,education
91,91,18,12,8,26,92,software
92,92,16,4,2,29,147,realestate
93,93,5,12,0,13,108,financial
94,94,1,15,6,9,195,realestate
95,95,14,3,3,27,181,education
96,96,5,20,9,29,134,realestate
97,97,19,7,5,4,106,financial
98,98,17,0,6,29,195,realestate
99,99,7,7,1,15,136,pharmaceutical
100,100,12,26,5,11,107,education
101,101,16,19,9,2,158,retail
102,102,12,24,7,0,107,financial
103,103,0,24,1,11,123,education
104,104,1,0,8,15,179,education
105,105,12,27,6,15,93,retail
106,106,13,6,3,29,107,software
107,107,5,18,9,13,135,education
108,108,18,22,7,12,96,education
109,109,2,7,2,9,218,financial
110,110,8,3,5,24,116,realestate
111,111,7,20,3,2,123,retail
112,112,1,7,8,18,227,financial
113,113,12,4,4,12,110,software
114,114,7,27,8,25,164,education
115,115,6,10,3,22,72,financial
116,116,2,5,1,22,205,education
117,117,14,12,9,7,179,software
118,118,15,7,2,19,213,software
119,119,2,1,1,21,219,retail
120,120,6,11,1,27,77,realestate
121,121,3,24,6,27,196,education
122,122,7,28,6,17,146,retail
123,123,2,28,6,10,205,financial
124,124,7,9,9,4,135,retail
125,125,9,15,7,10,69,retail
126,126,10,7,6,9,159,retail
127,127,7,16,8,4,166,realestate
128,128,16,18,2,18,155,education
129,129,7,21,7,3,138,pharmaceutical
130,130,9,16,9,25,86,education
131,131,9,15,5,27,62,financial
132,132,13,9,4,19,140,retail
133,133,1,11,2,16,222,pharmaceutical
134,134,12,29,9,10,98,pharmaceutical
135,135,4,7,9,19,170,software
136,136,3,14,8,17,173,education
137,137,4,16,2,11,194,education
138,138,3,1,3,15,166,financial
139,139,18,2,1,15,57,pharmaceutical
140,140,14,14,0,6,196,financial
141,141,13,21,2,29,133,software
142,142,2,19,6,2,209,retail
143,143,9,27,6,6,81,realestate
144,144,5,25,7,22,115,pharmaceutical
145,145,12,24,7,2,103,retail
146,146,2,20,7,9,202,pharmaceutical
147,147,17,18,1,21,187,software
148,148,4,20,3,10,156,pharmaceutical
149,149,2,15,5,28,206,pharmaceutical
150,150,6,15,5,0,44,education
151,151,8,13,2,25,164,retail
152,152,4,21,2,1,167,financial
153,153,12,2,8,1,87,realestate
154,154,5,20,1,5,93,education
155,155,9,21,1,15,78,realestate
156,156,11,13,6,15,114,education
157,157,6,5,6,24,54,financial
158,158,14,7,1,7,189,financial
159,159,11,27,9,15,136,realestate
160,160,6,20,4,19,65,retail
161,161,17,25,4,18,193,financial
162,162,15,4,7,23,215,pharmaceutical
163,163,2,23,3,10,212,realestate
164,164,12,17,4,23,85,pharmaceutical
165,165,13,20,1,23,104,financial
166,166,16,9,8,4,150,education
167,167,17,21,4,13,197,software
168,168,7,17,2,28,155,realestate
169,169,7,21,4,2,131,retail
170,170,11,3,6,6,101,financial
171,171,16,23,6,17,159,retail
172,172,10,28,7,28,138,software
173,173,3,13,5,8,197,realestate
174,174,13,6,0,28,117,education
175,175,0,25,5,8,123,education
176,176,6,7,7,23,38,education
177,177,17,2,1,27,187,education
178,178,12,15,0,8,90,realestate
179,179,18,12,6,11,62,financial
180,180,9,2,9,28,58,realestate
181,181,7,0,9,27,140,pharmaceutical
182,182,12,11,4,14,110,realestate
183,183,0,27,2,1,122,retail
184,184,14,16,1,20,184,software
185,185,15,17,6,6,200,realestate
186,186,5,8,5,5,132,financial
187,187,3,11,9,5,194,pharmaceutical
188,188,4,15,1,5,139,retail
189,189,2,21,8,0,216,financial
190,190,10,11,2,23,109,financial
191,191,14,21,7,19,197,software
192,192,4,27,4,3,168,retail
193,193,14,4,0,10,178,education
194,194,15,13,7,13,191,financial
195,195,8,20,7,10,137,education
196,196,2,12,6,4,212,education
197,197,0,8,0,22,119,pharmaceutical
198,198,9,12,0,9,70,pharmaceutical
199,199,14,24,3,16,189,education
200,200,3,23,2,10,213,realestate
201,201,15,25,0,18,179,financial
202,202,15,5,1,21,208,pharmaceutical
203,203,7,15,6,3,152,education
204,204,14,9,7,20,192,software
205,205,5,17,2,14,106,pharmaceutical
206,206,10,21,8,13,122,realestate
207,207,9,2,4,29,95,pharmaceutical
208,208,18,13,6,3,94,pharmaceutical
209,209,3,18,3,17,165,financial
210,210,10,5,2,29,92,retail
211,211,1,6,4,8,201,software
212,212,0,7,4,11,119,pharmaceutical
213,213,5,7,2,27,108,retail
214,214,17,26,9,26,199,pharmaceutical
215,215,15,25,4,0,212,pharmaceutical
216,216,14,10,3,22,181,financial
217,217,19,29,5,15,96,realestate
218,218,17,29,7,13,199,software
219,219,0,16,8,8,119,education
220,220,2,29,2,28,216,education
221,221,12,23,0,16,88,software
222,222,1,17,8,29,186,retail
223,223,5,28,3,14,105,software
224,224,2,17,8,29,210,financial
225,225,9,7,7,19,103,education
226,226,17,6,0,14,193,software
227,227,13,7,9,21,140,financial
228,228,10,5,5,10,138,realestate
229,229,18,2,5,2,96,realestate
230,230,14,23,7,23,198,software
231,231,11,27,3,5,114,software
232,232,0,0,1,10,122,pharmaceutical
233,233,17,3,5,25,187,software
234,234,9,23,3,15,62,software
235,235,19,22,7,7,91,realestate
236,236,16,17,9,22,149,financial
237,237,16,22,0,17,146,education
238,238,9,17,1,2,95,education
239,239,7,28,7,19,159,retail
240,240,3,13,8,0,192,education
241,241,1,21,7,14,194,retail
242,242,13,15,3,10,92,financial
243,243,1,19,5,28,202,education
244,244,2,12,2,19,215,retail
245,245,4,8,8,18,163,retail
246,246,12,20,7,12,104,realestate
247,247,4,12,1,1,160,software
248,248,9,2,0,6,90,retail
249,249,14,27,7,17,193,retail
250,250,19,16,5,10,87,education
251,251,8,26,8,26,126,pharmaceutical
252,252,6,26,6,14,67,retail
253,253,4,6,8,10,132,retail
254,254,4,18,1,17,147,realestate
255,255,15,4,3,13,185,education
256,256,8,0,3,5,184,pharmaceutical
257,257,12,25,0,21,107,education
258,258,13,9,5,3,136,software
259,259,2,0,1,7,205,pharmaceutical
260,260,16,9,0,6,153,retail
261,261,4,3,0,23,143,education
262,262,4,8,6,22,135,education
263,263,13,9,2,3,141,software
264,264,6,29,3,25,47,education
265,265,8,10,7,17,186,education
266,266,7,8,5,21,167,software
267,267,4,13,2,29,168,education
268,268,10,29,6,24,97,pharmaceutical
269,269,11,12,7,12,109,pharmaceutical
270,270,5,10,7,11,128,realestate
271,271,6,28,3,6,49,pharmaceutical
272,272,10,23,3,28,137,realestate
273,273,1,8,0,24,187,financial
274,274,7,14,1,12,150,pharmaceutical
275,275,4,9,6,15,167,retail
276,276,1,20,2,22,217,realestate
277,277,13,13,4,22,128,pharmaceutical
278,278,10,6,9,1,126,realestate
279,279,15,19,3,4,208,education
280,280,2,4,7,24,214,software
281,281,5,28,2,13,98,pharmaceutical
282,282,13,0,5,9,100,education
283,283,15,14,4,13,178,realestate
284,284,3,4,9,28,196,realestate
285,285,19,8,1,19,113,retail
286,286,2,26,9,20,200,retail
287,287,9,28,2,12,59,financial
288,288,13,19,7,26,143,realestate
289,289,9,27,1,27,51,education
290,290,3,29,0,18,169,education
291,291,7,18,7,7,161,realestate
292,292,4,6,6,23,189,retail
293,293,0,21,6,17,119,pharmaceutical
294,294,7,19,6,23,142,education
295,295,15,26,9,2,216,software
296,296,1,16,1,5,160,software
297,297,6,13,0,28,83,education
298,298,16,8,1,29,150,realestate
299,299,6,11,3,7,62,software
300,300,3,20,7,22,187,software
301,301,2,29,5,1,207,realestate
302,302,11,21,8,18,127,pharmaceutical
303,303,19,13,6,29,108,software
304,304,15,11,7,11,208,realestate
305,305,4,12,1,22,153,education
306,306,14,5,5,0,196,realestate
307,307,9,24,5,16,88,pharmaceutical
308,308,4,20,0,6,176,realestate
309,309,10,13,3,2,131,software
310,310,2,11,5,7,200,financial
311,311,1,9,3,22,230,retail
312,312,11,12,4,21,134,retail
313,313,11,5,2,4,118,education
314,314,1,8,0,18,166,software
315,315,13,3,4,25,93,software
316,316,1,10,2,23,216,realestate
317,317,11,27,6,16,110,software
318,318,16,13,0,19,157,education
319,319,14,19,9,0,195,pharmaceutical
320,320,19,28,6,19,99,pharmaceutical
321,321,8,4,0,0,132,education
322,322,15,27,9,4,178,education
323,323,0,29,0,19,119,financial
324,324,3,3,6,14,216,realestate
325,325,0,25,9,1,123,software
326,326,18,0,3,16,64,retail
327,327,6,3,0,4,39,pharmaceutical
328,328,8,13,4,15,153,education
329,329,16,22,0,26,159,financial
330,330,11,23,7,20,133,software
331,331,16,4,6,9,159,education
332,332,11,16,5,18,116,education
333,333,13,18,7,5,131,retail
334,334,10,22,4,19,137,education
335,335,14,1,8,1,179,software
336,336,2,22,4,14,202,realestate
337,337,5,13,8,7,138,realestate
338,338,8,27,6,22,156,retail
339,339,15,12,8,7,198,retail
340,340,3,17,7,23,192,realestate
341,341,13,8,7,14,142,realestate
342,342,4,14,9,12,144,financial
343,343,17,22,2,17,202,retail
344,344,2,20,5,9,200,retail
345,345,6,28,5,14,46,realestate
346,346,2,2,7,23,199,realestate
347,347,1,21,6,9,234,pharmaceutical
348,348,1,11,2,19,228,education
349,349,14,28,9,25,191,software
350,350,18,1,9,27,62,pharmaceutical
351,351,3,24,2,23,217,financial
352,352,8,3,7,21,139,education
353,353,18,13,1,10,67,financial
354,354,5,4,3,14,92,education
355,355,17,29,6,6,205,education
356,356,12,25,7,12,99,financial
357,357,15,20,2,8,191,education
358,358,1,15,5,21,173,retail
359,359,13,1,8,21,146,education
360,360,0,25,0,1,121,software
361,361,5,7,2,19,97,realestate
362,362,14,7,0,7,196,retail
363,363,8,22,2,21,186,pharmaceutical
364,364,3,24,7,11,189,pharmaceutical
365,365,4,7,9,5,184,realestate
366,366,15,27,6,18,204,realestate
367,367,5,16,9,23,129,financial
368,368,15,3,8,23,217,financial
369,369,18,1,1,25,76,retail
370,370,3,24,3,3,189,realestate
371,371,12,17,5,17,101,education
372,372,3,19,4,3,203,education
373,373,5,25,7,1,130,retail
374,374,14,12,3,9,192,realestate
375,375,0,14,7,14,121,financial
376,376,0,2,2,6,122,realestate
377,377,7,8,2,13,129,education
378,378,11,17,6,2,93,pharmaceutical
379,379,1,13,9,8,199,financial
380,380,9,9,0,3,69,education
381,381,3,9,5,3,185,retail
382,382,3,14,2,14,174,retail
383,383,18,19,0,28,51,realestate
384,384,13,8,8,27,96,realestate
385,385,11,8,4,1,113,pharmaceutical
386,386,13,27,7,16,122,realestate
387,387,14,29,7,14,181,realestate
388,388,19,4,8,21,83,pharmaceutical
389,389,4,14,6,20,131,software
390,390,9,4,5,5,57,retail
391,391,4,15,0,25,190,financial
392,392,1,0,5,14,172,realestate
393,393,3,7,2,18,216,education
394,394,4,10,7,20,187,education
395,395,8,4,9,19,159,education
396,396,6,9,6,19,73,financial
397,397,11,3,9,25,96,financial
398,398,1,28,3,0,203,retail
399,399,10,7,5,2,127,financial
400,400,1,10,5,13,195,software
401,401,15,13,7,12,192,education
402,402,17,25,8,20,183,realestate
403,403,14,27,4,10,180,software
404,404,15,5,6,7,203,pharmaceutical
405,405,10,14,3,18,137,education
406,406,13,17,4,23,98,pharmaceutical
407,407,9,25,2,17,70,financial
408,408,17,13,9,27,191,financial
409,409,1,3,5,3,180,software
410,410,10,12,0,1,137,pharmaceutical
411,411,7,9,5,20,163,realestate
412,412,11,25,2,19,121,realestate
413,413,10,23,6,3,124,financial
414,414,15,20,5,4,209,retail
415,415,6,16,4,9,60,financial
416,416,1,8,2,26,233,software
417,417,7,6,8,29,141,education
418,418,15,0,3,13,211,pharmaceutical
419,419,19,7,2,2,85,pharmaceutical
420,420,13,21,9,14,120,retail
421,421,14,14,4,4,183,financial
422,422,6,2,7,16,40,software
423,423,4,8,4,11,173,pharmaceutical
424,424,15,8,5,0,201,software
425,425,11,23,3,3,107,financial
426,426,8,13,4,16,122,realestate
427,427,10,6,3,17,104,financial
428,428,12,16,9,26,96,education
429,429,3,12,4,8,175,software
430,430,1,0,5,27,234,financial
431,431,5,21,6,0,101,software
432,432,1,25,1,17,188,financial
433,433,18,27,6,17,77,software
434,434,4,21,1,21,184,financial
435,435,18,23,6,13,96,retail
436,436,11,6,5,1,123,financial
437,437,0,28,6,11,120,software
438,438,16,16,2,7,146,financial
439,439,9,11,2,11,88,education
440,440,5,2,2,20,129,education
441,441,9,24,6,10,66,pharmaceutical
442,442,6,4,0,10,52,pharmaceutical
443,443,4,5,8,26,135,education
444,444,3,8,8,29,202,realestate
445,445,15,16,6,1,212,education
446,446,19,3,4,15,115,pharmaceutical
447,447,12,4,0,20,96,retail
448,448,18,3,3,11,68,education
449,449,13,7,5,29,86,education
450,450,7,10,1,14,167,realestate
451,451,4,12,5,8,138,pharmaceutical
452,452,12,29,9,13,103,retail
453,453,2,18,9,17,216,education
454,454,3,21,3,24,179,retail
455,455,16,19,4,18,160,financial
456,456,5,3,6,3,121,pharmaceutical
457,457,4,16,1,16,151,software
458,458,16,0,1,28,148,education
459,459,12,28,2,18,109,pharmaceutical
460,460,14,11,3,9,196,education
461,461,18,22,0,23,101,financial
462,462,2,23,6,4,218,retail
463,463,1,0,4,14,200,education
464,464,19,6,1,0,74,retail
465,465,5,5,8,1,140,retail
466,466,15,10,5,7,209,software
467,467,12,23,8,8,105,financial
468,468,15,16,7,25,184,education
469,469,11,23,6,1,127,realestate
470,470,1,27,1,2,209,financial
471,471,10,0,2,1,128,software
472,472,15,1,3,10,205,financial
473,473,15,20,1,25,204,realestate
474,474,19,28,4,10,104,retail
475,475,1,12,1,18,225,education
476,476,3,25,3,3,175,financial
477,477,6,14,4,19,62,software
478,478,7,22,1,3,146,financial
479,479,18,4,3,4,65,education
480,480,2,3,3,0,199,realestate
481,481,10,4,3,16,152,financial
482,482,13,17,1,11,140,education
483,483,4,1,3,22,157,pharmaceutical
484,484,14,17,2,20,193,financial
485,485,5,26,5,23,135,pharmaceutical
486,486,4,19,6,19,152,software
487,487,13,29,6,7,143,realestate
488,488,17,28,0,2,196,financial
489,489,0,22,0,22,120,retail
490,490,11,26,3,23,114,education
491,491,3,21,7,4,175,financial
492,492,3,3,4,5,171,financial
493,493,6,13,4,2,42,realestate
494,494,17,16,7,15,193,pharmaceutical
495,495,10,29,3,28,115,retail
496,496,2,27,3,27,202,realestate
497,497,16,9,1,8,160,financial
498,498,5,1,5,5,121,financial
499,499,4,5,7,3,186,education
500,500,16,25,5,6,155,financial
501,501,8,22,7,8,125,financial
502,502,12,12,5,1,94,pharmaceutical
503,503,3,15,4,28,193,education
504,504,4,15,8,19,185,financial
505,505,15,10,4,2,186,pharmaceutical
506,506,12,22,8,3,81,pharmaceutical
507,507,4,22,6,23,183,retail
508,508,17,8,1,28,191,financial
509,509,12,21,7,20,94,financial
510,510,6,3,4,27,56,software
511,511,4,15,6,5,133,education
512,512,6,1,0,12,77,pharmaceutical
513,513,9,27,4,22,87,retail
514,514,18,29,1,21,72,pharmaceutical
515,515,17,0,2,28,188,software
516,516,7,9,1,24,149,retail
517,517,0,4,1,12,121,software
518,518,2,26,9,9,210,financial
519,519,5,28,6,12,93,education
520,520,17,1,1,5,197,software
521,521,12,16,9,25,102,pharmaceutical
522,522,5,10,3,17,101,realestate
523,523,3,16,8,10,195,realestate
524,524,7,15,9,22,131,pharmaceutical
525,525,6,1,4,11,84,financial
526,526,9,29,5,26,86,software
527,527,17,21,7,19,201,retail
528,528,16,25,4,8,158,pharmaceutical
529,529,5,29,7,24,116,retail
530,530,8,0,1,9,196,realestate
531,531,10,6,4,26,104,financial
532,532,9,18,0,21,100,education
533,533,18,0,4,8,60,realestate
534,534,10,17,6,13,149,education
535,535,17,28,5,11,189,retail
536,536,8,11,1,29,182,realestate
537,537,16,17,2,15,146,financial
538,538,3,23,7,25,167,realestate
539,539,2,6,7,21,217,realestate
540,540,1,22,0,28,169,realestate
541,541,3,3,9,23,169,education
542,542,5,2,0,20,134,retail
543,543,1,1,9,13,162,financial
544,544,18,3,1,10,76,software
545,545,11,27,6,27,95,education
546,546,12,12,7,13,89,financial
547,547,9,15,2,7,72,pharmaceutical
548,548,9,16,2,6,46,software
549,549,14,10,8,15,183,software
550,550,9,18,4,12,92,education
551,551,7,26,6,16,150,financial
552,552,2,24,8,23,215,education
553,553,3,11,6,9,202,financial
554,554,14,2,7,4,183,pharmaceutical
555,555,16,29,7,1,153,realestate
556,556,6,23,4,29,68,financial
557,557,18,10,5,23,78,software
558,558,7,12,2,25,150,realestate
559,559,1,20,8,23,225,software
560,560,7,13,0,12,152,realestate
561,561,18,16,4,27,87,software
562,562,15,29,3,6,219,education
563,563,6,12,4,1,50,pharmaceutical
564,564,2,25,5,6,200,realestate
565,565,12,13,7,22,109,education
566,566,10,17,4,10,97,pharmaceutical
567,567,18,12,3,9,59,financial
568,568,3,4,7,23,180,financial
569,569,19,9,9,21,76,pharmaceutical
570,570,3,14,2,11,184,pharmaceutical
571,571,7,22,3,27,131,retail
572,572,9,16,8,17,60,retail
573,573,17,4,3,26,188,education
574,574,15,7,5,4,184,realestate
575,575,5,14,9,13,111,software
576,576,5,21,8,18,98,retail
577,577,4,14,9,8,134,realestate
578,578,4,3,2,26,169,pharmaceutical
579,579,17,18,8,2,189,financial
580,580,2,1,2,10,214,realestate
581,581,15,10,3,21,211,software
582,582,12,26,7,8,101,realestate
583,583,5,13,8,1,130,retail
584,584,19,4,0,18,102,education
585,585,2,26,7,20,216,pharmaceutical
586,586,18,27,8,19,59,pharmaceutical
587,587,14,12,7,25,186,retail
588,588,5,2,8,24,104,realestate
589,589,7,18,6,9,148,software
590,590,7,8,4,18,125,software
591,591,14,5,0,3,187,retail
592,592,12,20,8,28,101,financial
593,593,3,10,3,28,210,realestate
594,594,14,16,7,25,178,realestate
595,595,8,21,8,20,131,education
596,596,16,14,7,4,147,financial
597,597,12,1,2,3,106,retail
598,598,13,2,4,28,94,software
599,599,18,26,5,15,95,software
600,600,12,20,2,29,105,realestate
601,601,7,27,6,19,131,retail
602,602,8,10,1,26,154,education
603,603,3,4,2,11,178,software
604,604,19,2,1,17,88,software
605,605,9,1,2,14,48,pharmaceutical
606,606,17,22,3,5,193,pharmaceutical
607,607,13,25,1,26,89,education
608,608,13,14,0,19,112,pharmaceutical
609,609,16,12,0,29,162,realestate
610,610,2,2,9,13,215,education
611,611,9,0,8,27,71,pharmaceutical
612,612,18,22,5,27,88,pharmaceutical
613,613,7,18,1,24,161,financial
614,614,0,24,9,16,123,realestate
615,615,15,19,2,6,204,realestate
616,616,10,9,3,13,137,realestate
617,617,17,3,4,10,205,pharmaceutical
618,618,1,29,5,8,187,financial
619,619,1,24,6,7,193,retail
620,620,6,13,7,21,62,financial
621,621,11,22,3,19,96,financial
622,622,0,28,1,11,121,financial
623,623,5,18,4,9,109,realestate
624,624,6,2,8,17,54,retail
625,625,9,27,0,0,54,financial
626,626,9,29,5,13,77,education
627,627,15,9,5,11,218,retail
628,628,10,3,2,19,158,software
629,629,6,22,2,24,58,retail
630,630,15,25,6,2,181,education
631,631,16,4,5,12,162,retail
632,632,5,21,9,28,139,financial
633,633,1,17,6,29,204,education
634,634,2,18,8,14,203,realestate
635,635,5,21,6,3,131,retail
636,636,6,11,2,12,41,pharmaceutical
637,637,19,6,5,20,82,retail
638,638,10,2,7,25,100,pharmaceutical
639,639,8,28,1,16,196,financial
640,640,16,12,4,10,162,retail
641,641,10,16,9,24,110,education
642,642,19,23,9,24,88,financial
643,643,6,0,2,16,69,retail
644,644,11,16,8,7,133,retail
645,645,6,24,2,19,76,software
646,646,8,0,9,11,143,realestate
647,647,5,20,2,9,125,software
648,648,5,17,6,7,139,retail
649,649,15,20,9,7,210,pharmaceutical
650,650,15,9,2,19,178,retail
651,651,12,25,2,20,94,retail
652,652,16,0,8,3,157,retail
653,653,0,16,9,17,123,retail
654,654,14,12,0,26,199,retail
655,655,6,7,8,14,40,pharmaceutical
656,656,11,10,7,12,131,education
657,657,4,4,8,17,195,education
658,658,3,15,1,21,192,retail
659,659,5,18,5,0,98,retail
660,660,4,7,8,13,176,realestate
661,661,0,6,4,24,120,financial
662,662,11,25,8,7,141,education
663,663,0,6,3,27,119,education
664,664,8,27,2,28,131,pharmaceutical
665,665,17,14,4,7,205,realestate
666,666,17,5,4,14,202,realestate
667,667,19,0,3,17,101,financial
668,668,2,4,5,17,205,retail
669,669,11,4,9,10,107,software
670,670,19,21,5,26,91,retail
671,671,3,16,6,11,167,education
672,672,19,11,4,12,98,retail
673,673,6,16,8,23,38,education
674,674,17,3,5,7,188,realestate
675,675,6,26,0,24,68,financial
676,676,15,13,3,23,187,financial
677,677,12,4,5,11,87,pharmaceutical
678,678,13,8,8,22,90,pharmaceutical
679,679,1,25,2,9,188,pharmaceutical
680,680,17,5,7,18,197,realestate
681,681,9,28,6,18,70,realestate
682,682,0,11,7,20,121,retail
683,683,13,20,2,2,112,pharmaceutical
684,684,12,12,2,18,102,realestate
685,685,5,23,7,6,107,software
686,686,18,11,4,18,64,pharmaceutical
687,687,15,22,8,20,188,financial
688,688,1,1,0,29,224,financial
689,689,4,28,8,21,181,financial
690,690,2,18,6,13,212,realestate
691,691,4,10,2,3,149,pharmaceutical
692,692,14,5,4,29,180,realestate
693,693,7,17,0,4,145,software
694,694,9,15,5,29,90,education
695,695,11,17,5,21,92,software
696,696,2,25,5,8,208,realestate
697,697,14,9,9,24,181,software
698,698,5,17,6,29,128,financial
699,699,3,23,0,9,168,pharmaceutical
700,700,0,13,8,24,120,retail
701,701,5,13,5,18,131,financial
702,702,19,1,7,3,115,education
703,703,13,8,1,10,138,financial
704,704,5,8,1,10,126,software
705,705,18,8,3,14,82,retail
706,706,9,7,8,13,92,financial
707,707,9,14,8,22,51,retail
708,708,13,26,9,3,134,realestate
709,709,10,26,3,26,156,education
710,710,6,28,9,23,59,retail
711,711,8,27,4,17,122,pharmaceutical
712,712,9,19,9,19,81,software
713,713,7,20,9,17,165,education
714,714,12,3,5,20,91,education
715,715,15,6,8,3,184,realestate
716,716,16,12,8,25,161,software
717,717,6,15,0,15,48,education
718,718,16,12,9,10,149,pharmaceutical
719,719,3,25,3,0,173,education
720,720,17,15,3,1,188,pharmaceutical
721,721,4,12,1,9,163,retail
722,722,13,11,5,23,117,education
723,723,18,15,9,0,83,pharmaceutical
724,724,13,22,5,25,101,retail
725,725,8,13,4,9,138,financial
726,726,10,0,8,27,117,realestate
727,727,16,26,8,27,149,realestate
728,728,6,8,1,15,68,retail
729,729,17,23,1,4,204,financial
730,730,6,15,1,18,52,retail
731,731,15,6,1,29,188,realestate
732,732,15,7,2,25,217,financial
733,733,10,29,7,9,115,retail
734,734,7,12,5,26,155,software
735,735,10,8,5,21,97,education
736,736,12,5,8,3,89,retail
737,737,8,12,2,17,119,retail
738,738,12,25,7,5,80,software
739,739,1,12,1,26,219,realestate
740,740,17,14,5,16,187,software
741,741,2,10,9,6,218,retail
742,742,8,9,7,16,117,retail
743,743,16,14,4,18,149,software
744,744,15,15,8,23,204,retail
745,745,9,19,7,6,90,software
746,746,3,28,3,12,202,retail
747,747,5,20,0,17,96,pharmaceutical
748,748,19,0,9,11,87,financial
749,749,15,22,7,16,203,pharmaceutical
750,750,19,25,1,17,119,education
751,751,11,12,6,21,131,pharmaceutical
752,752,7,6,8,2,138,financial
753,753,9,12,5,25,72,financial
754,754,12,15,8,18,109,education
755,755,13,8,4,27,115,financial
756,756,4,16,6,2,178,education
757,757,6,5,1,2,41,education
758,758,10,20,9,0,118,pharmaceutical
759,759,8,1,3,17,142,financial
760,760,18,19,0,1,75,software
761,761,14,16,7,7,199,retail
762,762,16,6,7,1,162,financial
763,763,9,0,0,7,63,retail
764,764,19,27,3,16,87,realestate
765,765,1,7,8,20,214,education
766,766,18,20,3,19,55,financial
767,767,15,11,4,24,180,financial
768,768,2,2,1,6,202,retail
769,769,5,28,6,6,134,software
770,770,12,7,8,18,109,financial
771,771,17,27,4,13,193,education
772,772,8,2,0,19,134,software
773,773,14,28,6,4,186,financial
774,774,10,25,0,9,95,pharmaceutical
775,775,12,2,5,28,80,education
776,776,9,0,7,11,62,retail
777,777,10,24,2,26,104,financial
778,778,13,16,7,27,109,realestate
779,779,4,29,3,18,147,pharmaceutical
780,780,13,3,2,29,99,retail
781,781,4,17,9,2,188,realestate
782,782,19,25,1,0,92,financial
783,783,13,18,5,28,96,pharmaceutical
784,784,11,11,3,24,106,software
785,785,7,15,6,23,167,pharmaceutical
786,786,15,23,7,13,196,retail
787,787,2,22,9,29,212,education
788,788,7,16,5,25,145,realestate
789,789,17,22,9,9,205,retail
790,790,0,20,6,3,122,software
791,791,10,19,7,14,128,education
792,792,8,10,3,17,140,retail
793,793,0,11,7,4,123,financial
794,794,7,26,6,7,162,realestate
795,795,19,23,8,13,87,education
796,796,0,29,4,27,121,pharmaceutical
797,797,9,25,3,21,100,realestate
798,798,17,14,5,19,201,pharmaceutical
799,799,15,5,6,28,208,software
800,800,4,26,0,23,182,realestate
801,801,0,29,7,6,120,realestate
802,802,15,3,8,7,215,pharmaceutical
803,803,5,28,6,6,119,retail
804,804,1,15,5,2,220,financial
805,805,5,4,8,25,109,realestate
806,806,17,27,0,20,198,pharmaceutical
807,807,17,24,7,25,190,financial
808,808,4,28,2,28,147,financial
809,809,2,29,6,25,205,retail
810,810,18,17,2,23,79,retail
811,811,5,10,7,14,127,financial
812,812,15,24,4,2,195,retail
813,813,1,8,5,2,162,software
814,814,17,4,6,5,185,education
815,815,8,20,7,6,137,software
816,816,0,12,6,3,122,financial
817,817,1,12,0,28,173,retail
818,818,2,26,2,15,216,retail
819,819,13,20,3,11,96,financial
820,820,3,15,9,6,198,software
821,821,13,14,4,25,104,pharmaceutical
822,822,13,6,1,16,146,education
823,823,14,13,0,16,198,education
824,824,9,18,5,22,57,pharmaceutical
825,825,12,15,1,24,102,realestate
826,826,11,27,5,5,133,financial
827,827,19,8,9,1,106,education
828,828,19,2,1,14,108,retail
829,829,4,22,1,1,138,software
830,830,15,12,0,0,200,pharmaceutical
831,831,10,9,7,7,123,education
832,832,18,25,9,21,52,pharmaceutical
833,833,2,3,5,22,201,pharmaceutical
834,834,3,26,6,10,170,education
835,835,0,29,1,15,121,realestate
836,836,4,29,1,15,171,retail
837,837,15,8,0,5,182,retail
838,838,9,4,1,20,94,education
839,839,10,5,2,6,129,realestate
840,840,4,25,7,29,160,realestate
841,841,3,0,0,29,187,realestate
842,842,6,28,7,11,76,retail
843,843,6,16,4,29,56,financial
844,844,0,5,8,16,122,education
845,845,7,12,3,18,129,realestate
846,846,1,25,2,12,236,software
847,847,17,20,9,8,195,pharmaceutical
848,848,11,21,3,15,102,financial
849,849,8,28,3,29,186,education
850,850,5,6,3,21,92,education
851,851,10,29,8,27,109,financial
852,852,19,11,9,29,82,retail
853,853,6,18,2,28,75,pharmaceutical
854,854,8,26,5,7,206,realestate
855,855,1,3,7,26,188,software
856,856,9,2,8,7,70,financial
857,857,10,19,6,3,94,education
858,858,12,20,7,21,90,financial
859,859,6,9,6,1,81,software
860,860,19,17,7,9,106,retail
861,861,10,21,9,12,140,software
862,862,5,20,2,16,124,financial
863,863,1,29,4,10,193,realestate
864,864,11,19,8,17,128,realestate
865,865,11,20,8,13,131,realestate
866,866,18,29,6,21,82,pharmaceutical
867,867,12,10,9,3,92,retail
868,868,9,4,5,27,92,software
869,869,9,25,7,26,45,financial
870,870,13,21,3,6,123,retail
871,871,19,4,3,10,85,realestate
872,872,17,29,2,10,200,education
873,873,19,12,5,23,103,software
874,874,17,14,2,16,201,retail
875,875,12,6,2,8,92,pharmaceutical
876,876,4,3,3,10,139,education
877,877,13,8,0,26,116,pharmaceutical
878,878,18,12,3,5,63,pharmaceutical
879,879,7,12,6,7,139,software
880,880,12,16,0,3,84,retail
881,881,3,13,7,12,200,education
882,882,0,16,8,17,122,financial
883,883,13,2,2,12,109,pharmaceutical
884,884,15,29,2,7,188,pharmaceutical
885,885,8,22,2,9,199,retail
886,886,2,3,3,14,209,pharmaceutical
887,887,2,7,2,28,206,software
888,888,3,6,8,11,173,retail
889,889,13,28,6,13,87,software
890,890,11,21,1,22,99,software
891,891,12,22,5,29,109,retail
892,892,4,27,0,27,146,financial
893,893,5,14,4,11,99,financial
894,894,15,24,3,26,208,financial
895,895,16,24,9,19,147,pharmaceutical
896,896,9,13,2,6,95,software
897,897,10,5,0,22,150,financial
898,898,10,8,6,19,157,retail
899,899,19,20,6,22,115,software
900,900,9,21,5,1,66,financial
901,901,5,5,8,19,121,financial
902,902,17,27,8,3,188,financial
903,903,9,17,5,15,102,realestate
904,904,10,25,1,12,119,pharmaceutical
905,905,14,0,7,14,186,realestate
906,906,7,9,3,26,123,realestate
907,907,11,17,4,0,95,education
908,908,19,9,5,4,111,software
909,909,19,10,3,13,94,financial
910,910,5,11,9,4,103,retail
911,911,11,26,3,22,113,financial
912,912,19,29,5,9,90,pharmaceutical
913,913,8,5,8,13,182,education
914,914,3,7,0,9,217,software
915,915,6,13,0,24,48,education
916,916,11,12,2,10,141,realestate
917,917,8,7,8,21,146,pharmaceutical
918,918,6,7,9,0,79,education
919,919,1,16,0,23,222,retail
920,920,17,10,3,25,198,realestate
921,921,10,19,2,1,114,education
922,922,10,1,1,3,101,software
923,923,17,22,8,10,202,software
924,924,11,24,1,18,95,software
925,925,14,22,6,5,197,retail
926,926,8,8,5,14,178,financial
927,927,10,25,6,26,102,software
928,928,10,7,4,21,92,education
929,929,8,9,2,14,157,financial
930,930,1,29,6,27,171,retail
931,931,18,12,5,21,67,education
932,932,3,16,4,3,185,realestate
933,933,13,15,8,11,141,realestate
934,934,6,18,0,1,53,realestate
935,935,11,8,4,17,96,realestate
936,936,13,23,4,12,137,pharmaceutical
937,937,1,9,7,22,230,financial
938,938,5,1,9,28,104,retail
939,939,19,5,9,27,83,software
940,940,6,22,2,26,56,financial
941,941,5,16,2,0,113,education
942,942,5,13,7,29,103,software
943,943,12,26,6,16,86,software
944,944,16,11,2,0,160,retail
945,945,16,5,2,15,147,retail
946,946,18,22,9,28,81,realestate
947,947,8,27,8,3,187,education
948,948,0,7,3,10,120,retail
949,949,17,7,3,24,185,pharmaceutical
950,950,17,1,5,7,204,retail
951,951,15,11,2,13,197,education
952,952,5,14,5,28,134,realestate
953,953,5,6,1,3,134,education
954,954,14,17,7,10,194,realestate
955,955,17,26,5,26,204,software
956,956,11,22,9,22,95,financial
957,957,2,0,8,8,204,software
958,958,16,21,3,22,149,financial
959,959,19,12,0,28,107,software
960,960,7,11,4,12,160,software
961,961,5,17,0,13,107,retail
962,962,14,12,8,16,196,pharmaceutical
963,963,5,2,7,0,107,realestate
964,964,16,9,6,20,157,pharmaceutical
965,965,16,4,8,29,147,pharmaceutical
966,966,4,15,8,12,172,retail
967,967,10,28,9,29,156,pharmaceutical
968,968,0,11,3,15,122,education
969,969,4,15,9,1,160,realestate
970,970,1,4,3,9,224,software
971,971,7,17,4,2,167,retail
972,972,8,8,9,14,171,retail
973,973,7,0,0,4,160,software
974,974,3,18,6,24,173,pharmaceutical
975,975,10,24,5,0,132,retail
976,976,2,9,4,21,213,retail
977,977,2,26,2,25,205,realestate
978,978,6,26,0,28,51,education
979,979,9,4,0,25,96,retail
980,980,5,18,4,11,125,financial
981,981,6,25,2,25,67,realestate
982,982,18,18,8,21,77,financial
983,983,16,2,4,26,162,software
984,984,8,26,0,28,179,realestate
985,985,9,15,8,22,104,education
986,986,7,7,4,6,157,retail
987,987,15,14,2,14,196,pharmaceutical
988,988,0,5,1,0,119,software
989,989,4,6,7,21,167,software
990,990,0,25,6,13,121,pharmaceutical
991,991,15,14,8,11,189,software
992,992,8,15,3,6,164,education
993,993,12,23,8,27,105,realestate
994,994,0,12,4,21,122,education
995,995,0,18,9,20,123,software
996,996,2,0,6,19,212,education
997,997,10,18,2,1,159,software
998,998,2,22,4,0,202,retail
999,999,1,22,9,2,174,financial
1000,1000,15,4,2,4,199,retail
1001,1001,11,11,5,6,95,education
1002,1002,16,25,9,23,160,education
1003,1003,1,7,1,7,229,realestate
1004,1004,9,24,2,2,66,software
1005,1005,9,26,5,27,64,education
1006,1006,19,24,8,8,79,pharmaceutical
1007,1007,6,21,5,21,55,financial
1008,1008,14,26,0,8,179,software
1009,1009,4,11,0,13,145,financial
1010,1010,1,28,6,5,217,retail
1011,1011,12,2,5,18,83,pharmaceutical
1012,1012,10,27,8,17,116,financial
1013,1013,13,17,8,2,89,pharmaceutical
1014,1014,6,6,6,21,57,financial
1015,1015,14,14,8,9,183,realestate
1016,1016,13,11,8,10,143,pharmaceutical
1017,1017,11,14,6,10,115,pharmaceutical
1018,1018,10,24,8,18,134,realestate
1019,1019,17,18,8,2,186,financial
1020,1020,2,0,4,20,204,software
1021,1021,4,12,3,16,180,software
1022,1022,4,2,4,11,159,realestate
1023,1023,11,3,3,27,103,software
1024,1024,8,15,8,8,207,software
1025,1025,10,26,0,15,92,pharmaceutical
1026,1026,13,16,7,0,128,retail
1027,1027,15,2,5,25,204,pharmaceutical
1028,1028,19,18,4,26,98,retail
1029,1029,11,12,1,1,123,pharmaceutical
1030,1030,8,7,6,18,159,realestate
1031,1031,0,2,1,9,121,retail
1032,1032,0,20,1,25,121,software
1033,1033,9,7,6,4,95,software
1034,1034,15,7,0,23,216,retail
1035,1035,7,27,5,0,147,education
1036,1036,14,11,5,27,185,retail
1037,1037,8,24,6,21,182,realestate
1038,1038,19,13,1,19,108,retail
1039,1039,15,21,9,5,188,software
1040,1040,12,10,4,2,79,education
1041,1041,3,3,6,21,167,software
1042,1042,0,0,3,11,121,retail
1043,1043,8,20,9,19,121,realestate
1044,1044,4,12,0,14,182,software
1045,1045,14,3,3,8,183,education
1046,1046,4,29,1,27,140,retail
1047,1047,12,16,4,9,106,pharmaceutical
1048,1048,14,13,4,29,178,pharmaceutical
1049,1049,15,11,1,21,192,pharmaceutical
1050,1050,9,20,6,24,91,education
1051,1051,13,11,7,1,95,pharmaceutical
1052,1052,14,9,9,28,195,education
1053,1053,6,29,8,11,44,financial
1054,1054,15,8,6,4,218,financial
1055,1055,19,17,8,13,108,software
1056,1056,8,12,9,15,139,realestate
1057,1057,19,5,8,10,73,pharmaceutical
1058,1058,16,12,1,26,161,retail
1059,1059,10,27,1,25,155,financial
1060,1060,2,0,9,6,206,financial
1061,1061,19,11,4,10,85,software
1062,1062,19,21,5,5,100,pharmaceutical
1063,1063,12,14,0,22,90,retail
1064,1064,17,25,8,15,197,financial
1065,1065,19,27,4,5,76,realestate
1066,1066,0,10,9,14,123,financial
1067,1067,11,24,5,24,140,retail
1068,1068,18,21,9,13,53,realestate
1069,1069,6,24,1,7,77,realestate
1070,1070,10,19,2,15,146,software
1071,1071,14,5,8,3,193,education
1072,1072,16,11,9,12,149,software
1073,1073,14,8,7,22,180,software
1074,1074,7,13,6,7,156,realestate
1075,1075,14,28,8,12,190,software
1076,1076,1,20,7,1,199,education
1077,1077,7,19,0,10,156,pharmaceutical
1078,1078,17,24,3,11,187,retail
1079,1079,3,2,0,27,185,retail
1080,1080,17,9,1,27,189,retail
1081,1081,12,25,8,28,93,retail
1082,1082,17,27,5,11,205,education
1083,1083,13,19,8,23,103,education
1084,1084,19,14,9,14,80,software
1085,1085,14,2,3,13,191,retail
1086,1086,6,1,2,19,52,pharmaceutical
1087,1087,18,19,3,10,65,retail
1088,1088,8,15,5,6,164,retail
1089,1089,10,15,1,22,130,retail
1090,1090,5,2,5,28,122,financial
1091,1091,9,16,5,0,61,realestate
1092,1092,8,13,7,29,129,retail
1093,1093,6,5,4,9,52,software
1094,1094,15,28,4,24,200,retail
1095,1095,1,19,8,0,175,pharmaceutical
1096,1096,11,26,9,15,108,realestate
1097,1097,17,18,2,19,195,realestate
1098,1098,4,20,6,23,142,realestate
1099,1099,3,1,9,17,166,pharmaceutical
1100,1100,1,1,6,22,199,pharmaceutical
1101,1101,9,14,4,23,51,financial
1102,1102,10,20,7,25,108,pharmaceutical
1103,1103,2,20,1,19,207,software
1104,1104,1,13,3,23,156,realestate
1105,1105,2,20,7,22,214,education
1106,1106,10,12,1,16,94,realestate
1107,1107,15,9,1,26,206,pharmaceutical
1108,1108,19,13,4,2,117,retail
1109,1109,5,15,5,21,106,retail
1110,1110,4,5,4,25,180,education
1111,1111,1,18,8,18,161,education
1112,1112,7,29,1,27,137,pharmaceutical
1113,1113,15,11,7,16,191,financial
1114,1114,11,26,5,22,127,education
1115,1115,3,23,1,9,213,pharmaceutical
1116,1116,17,18,9,20,191,education
1117,1117,4,29,6,23,180,financial
1118,1118,16,7,4,18,161,financial
1119,1119,12,8,9,21,96,education
1120,1120,8,22,2,11,157,retail
1121,1121,0,18,3,17,123,realestate
1122,1122,15,5,0,2,206,retail
1123,1123,0,27,2,28,121,pharmaceutical
1124,1124,7,3,9,28,135,realestate
1125,1125,5,8,0,5,103,retail
1126,1126,15,27,3,29,202,realestate
1127,1127,1,10,9,15,222,pharmaceutical
1128,1128,14,5,3,12,186,financial
1129,1129,6,0,3,15,74,realestate
1130,1130,12,18,3,14,107,financial
1131,1131,5,18,1,18,135,software
1132,1132,3,21,7,14,202,realestate
1133,1133,0,16,4,8,120,education
1134,1134,15,26,2,28,181,pharmaceutical
1135,1135,19,26,8,8,118,pharmaceutical
1136,1136,16,3,8,4,150,retail
1137,1137,11,14,4,7,99,retail
1138,1138,2,21,7,27,199,financial
1139,1139,9,25,0,3,63,software
1140,1140,6,27,4,13,69,realestate
1141,1141,17,17,0,14,190,education
1142,1142,6,18,8,16,76,software
1143,1143,10,21,4,5,122,realestate
1144,1144,16,27,3,17,159,education
1145,1145,7,22,2,5,137,retail
1146,1146,9,24,9,22,102,financial
1147,1147,12,15,0,4,105,pharmaceutical
1148,1148,9,8,2,10,73,retail
1149,1149,9,16,2,29,63,pharmaceutical
1150,1150,14,15,1,25,193,realestate
1151,1151,17,17,6,15,204,pharmaceutical
1152,1152,12,23,9,9,108,pharmaceutical
1153,1153,1,3,6,22,157,software
1154,1154,0,15,4,1,120,education
1155,1155,18,16,4,13,102,education
1156,1156,5,11,5,6,114,retail
1157,1157,11,8,6,10,106,retail
1158,1158,12,3,0,14,98,retail
1159,1159,14,28,2,10,182,software
1160,1160,18,20,2,1,98,software
1161,1161,19,27,4,7,71,software
1162,1162,10,10,7,12,123,realestate
1163,1163,7,23,6,15,146,retail
1164,1164,9,6,7,15,105,pharmaceutical
1165,1165,3,21,9,9,185,education
1166,1166,18,22,4,7,57,pharmaceutical
1167,1167,2,16,8,6,205,realestate
1168,1168,5,12,6,4,101,education
1169,1169,17,25,0,12,192,education
1170,1170,1,14,1,0,202,financial
1171,1171,17,26,5,26,195,retail
1172,1172,4,1,5,28,133,realestate
1173,1173,2,19,3,11,214,software
1174,1174,7,13,5,23,125,realestate
1175,1175,16,22,6,25,149,pharmaceutical
1176,1176,3,18,2,3,207,realestate
1177,1177,14,2,5,11,187,financial
1178,1178,17,11,7,23,190,software
1179,1179,12,11,4,20,95,education
1180,1180,2,9,6,4,201,financial
1181,1181,4,23,8,10,140,pharmaceutical
1182,1182,19,27,1,27,83,pharmaceutical
1183,1183,2,6,1,0,214,financial
1184,1184,15,10,8,27,183,realestate
1185,1185,8,14,2,27,179,realestate
1186,1186,7,21,0,16,131,software
1187,1187,1,26,9,11,192,retail
1188,1188,14,16,2,22,192,software
1189,1189,19,15,5,20,84,pharmaceutical
1190,1190,1,7,9,15,230,retail
1191,1191,12,5,6,27,94,pharmaceutical
1192,1192,18,0,1,13,98,education
1193,1193,11,12,2,23,136,pharmaceutical
1194,1194,4,6,7,22,153,software
1195,1195,14,25,9,6,199,software
1196,1196,14,17,3,8,190,financial
1197,1197,7,16,3,2,134,retail
1198,1198,3,22,4,20,178,retail
1199,1199,15,27,3,24,201,pharmaceutical
1200,1200,16,23,0,14,153,pharmaceutical
1201,1201,15,14,7,6,216,realestate
1202,1202,0,4,3,2,120,software
1203,1203,19,26,4,17,94,software
1204,1204,3,2,3,25,189,education
1205,1205,4,29,0,26,187,pharmaceutical
1206,1206,10,4,1,25,123,pharmaceutical
1207,1207,6,1,6,6,65,education
1208,1208,18,18,8,4,63,education
1209,1209,1,10,8,3,162,financial
1210,1210,1,22,0,12,199,retail
1211,1211,12,10,1,1,80,realestate
1212,1212,0,26,8,14,122,education
1213,1213,4,15,8,29,173,pharmaceutical
1214,1214,4,29,3,18,183,pharmaceutical
1215,1215,3,7,9,6,184,pharmaceutical
1216,1216,10,5,6,2,157,education
1217,1217,6,12,1,22,50,pharmaceutical
1218,1218,4,8,8,19,144,pharmaceutical
1219,1219,15,25,2,8,192,software
1220,1220,4,22,5,0,139,software
1221,1221,19,2,4,3,96,retail
1222,1222,15,4,3,4,218,pharmaceutical
1223,1223,2,9,0,21,205,software
1224,1224,0,15,6,24,123,pharmaceutical
1225,1225,0,14,9,10,121,retail
1226,1226,12,23,1,6,97,retail
1227,1227,2,28,5,9,219,financial
1228,1228,10,11,0,29,149,financial
1229,1229,18,25,9,26,67,pharmaceutical
1230,1230,5,10,6,8,113,software
1231,1231,8,23,0,7,135,pharmaceutical
1232,1232,9,14,4,10,45,realestate
1233,1233,13,23,1,17,135,pharmaceutical
1234,1234,8,25,7,22,164,retail
1235,1235,7,9,6,3,146,software
1236,1236,18,1,5,5,83,retail
1237,1237,19,7,4,17,82,realestate
1238,1238,12,1,6,4,96,financial
1239,1239,9,3,9,14,52,financial
1240,1240,15,9,0,19,192,pharmaceutical
1241,1241,11,4,0,11,119,retail
1242,1242,11,26,7,4,129,retail
1243,1243,2,28,5,27,211,realestate
1244,1244,3,13,8,25,183,realestate
1245,1245,7,11,7,26,141,education
1246,1246,0,15,8,0,122,realestate
1247,1247,3,20,6,20,182,software
1248,1248,1,5,1,13,216,software
1249,1249,18,22,7,22,83,software
1250,1250,15,14,6,7,214,software
1251,1251,9,23,1,10,82,retail
1252,1252,17,26,7,15,197,education
1253,1253,7,2,0,14,155,software
1254,1254,6,12,1,12,80,education
1255,1255,0,29,1,17,121,education
1256,1256,18,27,8,15,59,retail
1257,1257,12,24,6,7,108,financial
1258,1258,8,5,9,11,177,financial
1259,1259,15,28,7,14,205,pharmaceutical
1260,1260,2,11,1,18,217,education
1261,1261,6,21,6,2,39,realestate
1262,1262,12,5,4,18,80,software
1263,1263,19,24,8,28,114,realestate
1264,1264,11,9,1,11,103,financial
1265,1265,9,23,0,25,103,education
1266,1266,3,0,2,0,178,education
1267,1267,12,16,3,24,102,pharmaceutical
1268,1268,14,4,1,6,181,education
1269,1269,19,25,7,5,87,software
1270,1270,12,7,2,26,88,financial
1271,1271,19,27,7,26,75,software
1272,1272,7,15,4,14,165,education
1273,1273,14,13,9,24,198,retail
1274,1274,5,24,8,17,101,retail
1275,1275,10,18,6,20,126,realestate
1276,1276,8,4,3,0,129,software
1277,1277,1,7,7,20,192,pharmaceutical
1278,1278,8,1,8,27,157,education
1279,1279,2,29,0,2,214,financial
1280,1280,8,5,3,16,141,realestate
1281,1281,14,26,2,0,179,realestate
1282,1282,4,24,0,11,150,education
1283,1283,16,0,2,18,159,software
1284,1284,12,15,1,13,103,retail
1285,1285,5,25,0,1,104,financial
1286,1286,4,20,5,0,175,financial
1287,1287,7,0,1,10,153,retail
1288,1288,13,13,1,17,114,retail
1289,1289,3,25,1,6,177,software
1290,1290,6,29,4,7,58,education
1291,1291,1,14,4,19,227,realestate
1292,1292,17,25,3,27,187,pharmaceutical
1293,1293,5,8,2,26,132,realestate
1294,1294,10,4,1,12,142,software
1295,1295,8,7,3,0,115,software
1296,1296,3,8,5,26,195,retail
1297,1297,17,13,5,2,196,realestate
1298,1298,11,26,9,17,95,financial
1299,1299,12,14,3,12,109,software
1300,1300,6,2,0,4,64,financial
1301,1301,17,27,2,8,188,education
1302,1302,14,4,5,5,199,realestate
1303,1303,16,23,4,28,151,pharmaceutical
1304,1304,5,28,2,2,92,retail
1305,1305,11,9,9,6,125,software
1306,1306,13,1,9,10,145,pharmaceutical
1307,1307,18,7,7,18,103,software
1308,1308,10,22,9,6,142,retail
1309,1309,0,20,2,19,120,software
1310,1310,11,18,3,24,95,software
1311,1311,1,18,1,28,192,financial
1312,1312,3,16,0,0,191,education
1313,1313,11,28,9,22,108,software
1314,1314,11,25,2,9,137,realestate
1315,1315,14,4,5,16,178,pharmaceutical
1316,1316,13,25,0,0,97,pharmaceutical
1317,1317,7,23,9,16,121,pharmaceutical
1318,1318,8,4,3,28,113,education
1319,1319,14,24,5,15,178,pharmaceutical
1320,1320,0,29,2,21,119,financial
1321,1321,2,10,6,13,200,realestate
1322,1322,16,23,3,23,156,realestate
1323,1323,7,9,3,18,145,software
1324,1324,19,20,7,8,97,retail
1325,1325,5,5,5,12,112,education
1326,1326,4,19,9,25,182,realestate
1327,1327,6,13,9,10,80,retail
1328,1328,5,6,6,16,104,education
1329,1329,14,28,6,1,194,software
1330,1330,18,15,6,8,101,education
1331,1331,6,2,5,3,76,retail
1332,1332,6,12,6,27,51,financial
1333,1333,7,0,6,11,139,software
1334,1334,3,1,2,0,214,financial
1335,1335,11,23,1,29,96,realestate
1336,1336,11,7,6,14,112,education
1337,1337,1,13,4,23,211,retail
1338,1338,2,2,3,18,199,realestate
1339,1339,1,15,2,23,197,education
1340,1340,17,13,1,9,185,education
1341,1341,13,18,4,5,114,education
1342,1342,10,26,5,5,112,retail
1343,1343,15,24,5,17,197,education
1344,1344,13,4,4,18,107,pharmaceutical
1345,1345,16,3,2,8,150,realestate
1346,1346,16,12,6,2,152,education
1347,1347,8,9,1,23,112,financial
1348,1348,5,9,7,20,129,realestate
1349,1349,19,6,1,17,96,education
1350,1350,4,12,6,10,166,pharmaceutical
1351,1351,10,27,4,17,148,software
1352,1352,8,25,4,6,174,education
1353,1353,5,2,7,0,103,pharmaceutical
1354,1354,17,6,2,14,190,retail
1355,1355,7,3,4,29,144,financial
1356,1356,16,13,0,0,152,software
1357,1357,5,12,4,1,132,education
1358,1358,12,9,7,4,96,financial
1359,1359,17,26,4,13,188,software
1360,1360,5,19,0,29,119,realestate
1361,1361,19,10,5,17,106,pharmaceutical
1362,1362,2,14,8,3,212,retail
1363,1363,17,14,5,14,188,software
1364,1364,10,20,0,5,92,retail
1365,1365,11,2,0,7,123,retail
1366,1366,7,17,9,12,145,retail
1367,1367,12,6,5,15,79,pharmaceutical
1368,1368,19,27,6,21,73,software
1369,1369,6,11,6,0,70,education
1370,1370,15,5,1,23,197,financial
1371,1371,14,0,9,18,187,retail
1372,1372,10,3,1,0,142,retail
1373,1373,5,11,9,12,106,retail
1374,1374,9,5,9,6,71,pharmaceutical
1375,1375,16,3,3,5,151,financial
1376,1376,3,25,1,15,167,pharmaceutical
1377,1377,15,19,1,7,210,realestate
1378,1378,19,6,5,9,82,financial
1379,1379,14,29,3,5,199,realestate
1380,1380,19,20,5,15,100,education
1381,1381,11,13,7,15,114,pharmaceutical
1382,1382,12,16,7,2,80,education
1383,1383,18,9,0,23,62,financial
1384,1384,10,24,7,22,116,retail
1385,1385,0,15,7,4,121,pharmaceutical
1386,1386,4,17,4,21,148,education
1387,1387,16,26,7,3,154,financial
1388,1388,17,20,7,9,197,pharmaceutical
1389,1389,6,0,3,26,48,retail
1390,1390,2,8,2,4,209,realestate
1391,1391,6,24,6,8,55,pharmaceutical
1392,1392,2,5,9,10,218,realestate
1393,1393,9,2,4,2,62,realestate
1394,1394,1,1,5,9,155,retail
1395,1395,18,21,4,7,90,financial
1396,1396,19,15,4,6,85,realestate
1397,1397,16,24,1,28,160,software
1398,1398,1,19,0,2,209,realestate
1399,1399,16,7,2,5,154,financial
1400,1400,14,2,4,0,178,education
1401,1401,3,1,6,10,170,retail
1402,1402,14,23,9,22,196,financial
1403,1403,19,6,3,6,83,realestate
1404,1404,11,20,6,19,130,education
1405,1405,11,15,4,20,117,financial
1406,1406,7,23,3,12,119,financial
1407,1407,9,22,6,29,57,retail
1408,1408,1,27,1,28,168,realestate
1409,1409,1,2,1,21,184,software
1410,1410,0,14,6,28,119,financial
1411,1411,16,20,3,21,152,financial
1412,1412,19,0,1,12,75,pharmaceutical
1413,1413,2,18,6,18,217,retail
1414,1414,9,22,6,18,74,realestate
1415,1415,18,22,0,14,87,pharmaceutical
1416,1416,8,20,1,12,169,pharmaceutical
1417,1417,18,14,0,4,63,software
1418,1418,11,28,0,25,120,retail
1419,1419,17,21,1,0,189,retail
1420,1420,13,17,7,0,136,financial
1421,1421,2,5,4,19,205,pharmaceutical
1422,1422,13,5,6,13,89,financial
1423,1423,0,16,1,6,123,pharmaceutical
1424,1424,10,7,4,9,114,education
1425,1425,4,14,3,4,194,software
1426,1426,5,26,6,5,132,realestate
1427,1427,2,10,0,9,216,software
1428,1428,12,24,1,7,85,financial
1429,1429,6,6,3,10,70,financial
1430,1430,6,25,2,24,67,retail
1431,1431,14,14,7,25,189,software
1432,1432,12,4,2,24,109,software
1433,1433,19,2,8,13,72,software
1434,1434,2,1,0,10,219,education
1435,1435,18,14,0,1,57,software
1436,1436,15,23,2,2,214,software
1437,1437,7,16,5,11,143,pharmaceutical
1438,1438,0,18,7,11,121,realestate
1439,1439,5,26,5,10,98,pharmaceutical
1440,1440,7,15,7,0,167,financial
1441,1441,13,25,0,21,100,education
1442,1442,19,27,8,14,111,software
1443,1443,9,16,0,11,98,pharmaceutical
1444,1444,14,22,7,13,191,realestate
1445,1445,12,19,8,7,98,pharmaceutical
1446,1446,19,15,1,17,89,retail
1447,1447,19,10,0,27,85,education
1448,1448,6,25,8,11,85,financial
1449,1449,8,27,5,24,130,financial
1450,1450,9,2,8,24,86,retail
1451,1451,19,16,8,1,115,financial
1452,1452,0,1,2,4,121,financial
1453,1453,18,25,2,11,96,retail
1454,1454,14,14,1,5,195,realestate
1455,1455,19,5,1,16,98,retail
1456,1456,7,11,7,22,133,software
1457,1457,7,27,1,14,120,retail
1458,1458,17,7,6,18,187,software
1459,1459,3,18,1,23,169,financial
1460,1460,13,16,4,12,130,software
1461,1461,17,3,7,18,192,software
1462,1462,13,29,0,22,112,realestate
1463,1463,18,23,5,22,58,software
1464,1464,1,9,4,27,234,software
1465,1465,12,19,6,21,78,realestate
1466,1466,15,18,4,13,191,retail
1467,1467,5,12,8,8,130,software
1468,1468,15,11,4,11,182,realestate
1469,1469,13,20,3,28,88,pharmaceutical
1470,1470,1,23,5,19,178,software
1471,1471,9,7,4,27,63,realestate
1472,1472,8,18,1,0,133,education
1473,1473,9,4,3,9,49,pharmaceutical
1474,1474,12,9,9,0,84,financial
1475,1475,15,19,7,0,187,retail
1476,1476,15,7,5,8,220,education
1477,1477,5,21,4,8,111,pharmaceutical
1478,1478,13,11,8,21,129,realestate
1479,1479,16,20,5,12,161,education
1480,1480,18,3,8,2,96,pharmaceutical
1481,1481,1,29,9,18,171,realestate
1482,1482,10,23,7,18,111,retail
1483,1483,11,21,3,8,109,pharmaceutical
1484,1484,18,26,8,16,87,realestate
1485,1485,15,12,7,20,210,pharmaceutical
1486,1486,8,20,5,17,114,realestate
1487,1487,12,6,0,27,109,financial
1488,1488,5,11,9,9,120,software
1489,1489,7,16,8,21,152,financial
1490,1490,12,0,9,12,89,software
1491,1491,18,28,7,15,86,realestate
1492,1492,2,17,2,21,219,software
1493,1493,13,3,6,19,129,software
1494,1494,3,17,8,16,182,pharmaceutical
1495,1495,9,19,5,13,103,education
1496,1496,4,5,6,12,158,education
1497,1497,11,27,8,9,109,retail
1498,1498,4,1,1,26,155,software
1499,1499,10,21,0,9,142,software
1500,1500,1,11,3,4,192,software
1501,1501,9,11,5,8,46,realestate
1502,1502,6,26,9,27,83,retail
1503,1503,16,9,4,4,156,retail
1504,1504,9,17,4,20,58,retail
1505,1505,10,20,2,25,125,realestate
1506,1506,11,25,5,8,130,software
1507,1507,1,5,7,13,216,retail
1508,1508,10,29,4,17,113,education
1509,1509,6,20,4,25,43,realestate
1510,1510,3,6,4,26,208,retail
1511,1511,6,9,0,16,76,software
1512,1512,6,17,9,24,40,software
1513,1513,6,12,7,5,48,pharmaceutical
1514,1514,9,27,7,20,80,financial
1515,1515,3,24,8,23,184,pharmaceutical
1516,1516,16,4,8,28,159,software
1517,1517,16,18,2,15,148,education
1518,1518,8,14,3,7,151,financial
1519,1519,2,13,6,25,200,retail
1520,1520,2,24,6,9,201,financial
1521,1521,8,10,4,13,174,software
1522,1522,8,4,7,1,117,retail
1523,1523,11,13,0,28,108,realestate
1524,1524,8,10,6,28,137,pharmaceutical
1525,1525,3,21,9,27,213,pharmaceutical
1526,1526,8,15,6,4,162,pharmaceutical
1527,1527,18,29,4,11,92,retail
1528,1528,2,3,4,25,219,financial
1529,1529,19,25,0,5,102,financial
1530,1530,11,22,5,8,112,retail
1531,1531,6,10,2,25,68,software
1532,1532,3,9,0,9,216,pharmaceutical
1533,1533,0,29,6,7,121,education
1534,1534,14,2,9,23,187,pharmaceutical
1535,1535,15,29,4,21,203,financial
1536,1536,10,28,4,27,144,pharmaceutical
1537,1537,3,27,5,20,200,realestate
1538,1538,17,20,6,9,195,pharmaceutical
1539,1539,6,7,1,18,51,education
1540,1540,7,9,2,18,147,education
1541,1541,9,11,3,14,84,software
1542,1542,18,13,0,21,76,financial
1543,1543,7,3,3,23,152,software
1544,1544,11,7,9,29,112,software
1545,1545,15,5,4,12,182,education
1546,1546,4,22,6,28,147,pharmaceutical
1547,1547,12,19,1,29,103,software
1548,1548,13,7,6,5,134,pharmaceutical
1549,1549,17,21,9,21,195,realestate
1550,1550,2,12,9,3,207,realestate
1551,1551,2,16,5,15,210,financial
1552,1552,8,12,6,8,132,realestate
1553,1553,17,22,5,22,185,financial
1554,1554,8,7,3,17,127,realestate
1555,1555,10,6,5,17,135,realestate
1556,1556,14,1,9,1,189,retail
1557,1557,10,18,7,21,131,software
1558,1558,6,29,4,19,73,financial
1559,1559,10,26,2,3,155,realestate
1560,1560,3,14,6,18,213,financial
1561,1561,17,24,5,15,183,education
1562,1562,11,10,5,1,124,financial
1563,1563,17,10,6,12,184,realestate
1564,1564,0,28,8,25,119,software
1565,1565,12,4,5,7,82,financial
1566,1566,2,6,0,3,216,pharmaceutical
1567,1567,17,4,7,11,202,pharmaceutical
1568,1568,11,21,5,20,112,pharmaceutical
1569,1569,18,2,6,11,76,education
1570,1570,16,7,7,10,153,realestate
1571,1571,7,15,0,5,162,education
1572,1572,7,16,4,12,134,financial
1573,1573,8,8,5,0,176,software
1574,1574,18,21,2,18,91,education
1575,1575,18,2,8,4,69,financial
1576,1576,5,13,7,18,111,financial
1577,1577,7,24,4,21,136,software
1578,1578,2,14,4,20,206,education
1579,1579,6,15,4,16,61,realestate
1580,1580,2,19,1,17,218,realestate
1581,1581,10,13,3,18,116,financial
1582,1582,1,22,1,11,165,pharmaceutical
1583,1583,11,10,7,1,116,education
1584,1584,9,3,0,27,94,software
1585,1585,3,16,2,4,172,software
1586,1586,7,0,2,21,143,realestate
1587,1587,7,12,6,24,127,software
1588,1588,4,1,8,9,160,software
1589,1589,5,6,2,3,116,education
1590,1590,16,1,7,14,156,education
1591,1591,12,16,1,16,100,software
1592,1592,11,19,2,19,114,financial
1593,1593,9,7,3,26,89,financial
1594,1594,12,16,8,22,82,education
1595,1595,15,2,5,13,210,retail
1596,1596,5,3,0,20,125,education
1597,1597,11,26,8,6,130,retail
1598,1598,5,9,6,2,113,software
1599,1599,18,25,7,27,71,realestate
1600,1600,4,12,4,3,141,education
1601,1601,12,27,0,22,106,retail
1602,1602,5,18,5,28,112,retail
1603,1603,17,23,7,24,186,realestate
1604,1604,1,15,9,7,177,realestate
1605,1605,2,17,8,21,210,education
1606,1606,14,16,4,0,187,software
1607,1607,17,2,5,3,187,software
1608,1608,16,10,2,2,161,retail
1609,1609,19,12,8,6,89,pharmaceutical
1610,1610,11,14,5,0,93,financial
1611,1611,9,19,7,18,94,realestate
1612,1612,1,6,8,23,177,financial
1613,1613,15,6,1,24,180,software
1614,1614,1,19,1,29,183,realestate
1615,1615,6,8,4,8,56,pharmaceutical
1616,1616,2,12,4,6,200,realestate
1617,1617,18,28,7,2,80,education
1618,1618,15,8,6,3,218,realestate
1619,1619,17,24,8,7,184,software
1620,1620,3,19,6,2,167,financial
1621,1621,18,13,5,6,90,pharmaceutical
1622,1622,4,8,6,29,163,realestate
1623,1623,0,3,4,21,119,realestate
1624,1624,13,0,8,4,137,education
1625,1625,15,26,0,3,214,education
1626,1626,18,3,1,16,84,education
1627,1627,0,27,5,2,122,pharmaceutical
1628,1628,8,18,7,4,200,software
1629,1629,4,3,6,2,160,realestate
1630,1630,0,23,3,22,123,realestate
1631,1631,19,18,6,8,114,retail
1632,1632,4,0,1,1,179,retail
1633,1633,8,17,5,3,149,financial
1634,1634,8,16,9,27,142,retail
1635,1635,18,16,6,1,82,retail
1636,1636,1,14,5,1,233,retail
1637,1637,15,28,7,7,184,realestate
1638,1638,15,15,3,25,178,pharmaceutical
1639,1639,4,27,0,5,167,realestate
1640,1640,3,22,2,4,187,retail
1641,1641,7,27,8,9,133,software
1642,1642,7,12,5,1,148,retail
1643,1643,4,20,6,5,147,software
1644,1644,8,10,9,14,154,education
1645,1645,5,28,9,20,129,education
1646,1646,7,10,3,25,141,financial
1647,1647,14,12,4,18,193,education
1648,1648,10,25,7,11,144,pharmaceutical
1649,1649,9,17,9,21,89,financial
1650,1650,3,18,2,3,212,pharmaceutical
1651,1651,6,12,9,2,84,pharmaceutical
1652,1652,18,13,2,0,77,financial
1653,1653,17,5,1,3,205,retail
1654,1654,2,16,7,26,206,software
1655,1655,19,4,6,1,74,retail
1656,1656,7,5,4,5,143,software
1657,1657,10,29,2,24,96,education
1658,1658,13,12,3,27,117,software
1659,1659,3,27,6,13,172,education
1660,1660,0,18,8,10,121,realestate
1661,1661,15,7,4,7,202,software
1662,1662,10,27,0,9,119,realestate
1663,1663,15,19,8,17,199,retail
1664,1664,0,9,9,13,122,retail
1665,1665,19,27,8,11,90,financial
1666,1666,18,15,8,16,80,financial
1667,1667,3,29,1,12,214,financial
1668,1668,11,18,7,16,119,retail
1669,1669,15,17,0,18,210,financial
1670,1670,4,16,3,21,169,retail
1671,1671,3,11,7,0,199,education
1672,1672,15,25,8,25,220,retail
1673,1673,2,22,6,23,218,pharmaceutical
1674,1674,10,23,5,16,156,education
1675,1675,17,24,5,12,183,retail
1676,1676,14,17,1,0,182,retail
1677,1677,15,17,6,7,206,software
1678,1678,2,25,5,19,204,realestate
1679,1679,7,6,4,18,125,education
1680,1680,4,22,0,10,166,financial
1681,1681,9,19,9,27,89,education
1682,1682,15,19,5,4,219,retail
1683,1683,17,27,7,15,187,retail
1684,1684,1,3,1,9,208,financial
1685,1685,8,6,1,24,168,retail
1686,1686,11,13,6,27,106,education
1687,1687,9,28,2,1,92,education
1688,1688,19,24,7,29,79,education
1689,1689,6,15,3,19,81,software
1690,1690,1,20,6,16,217,realestate
1691,1691,18,6,2,6,71,retail
1692,1692,5,20,2,7,130,software
1693,1693,16,6,5,26,160,realestate
1694,1694,12,21,9,2,101,retail
1695,1695,2,23,1,16,208,education
1696,1696,0,3,5,14,122,realestate
1697,1697,1,2,2,8,160,retail
1698,1698,1,11,6,16,157,realestate
1699,1699,0,4,6,3,119,realestate
1700,1700,8,14,7,20,183,software
1701,1701,7,26,4,9,126,financial
1702,1702,18,13,0,18,70,financial
1703,1703,12,17,7,1,88,retail
1704,1704,4,3,6,1,169,software
1705,1705,10,10,1,27,112,software
1706,1706,8,22,4,14,160,realestate
1707,1707,3,0,1,22,203,financial
1708,1708,0,19,8,0,119,financial
1709,1709,0,0,5,23,120,realestate
1710,1710,11,7,2,12,99,realestate
1711,1711,2,10,5,15,218,pharmaceutical
1712,1712,3,21,9,8,197,realestate
1713,1713,17,28,1,6,194,financial
1714,1714,11,29,1,9,97,education
1715,1715,13,23,9,3,129,software
1716,1716,12,5,2,27,93,realestate
1717,1717,16,22,8,22,158,retail
1718,1718,19,29,8,18,103,financial
1719,1719,16,29,1,16,151,realestate
1720,1720,2,6,7,19,214,software
1721,1721,9,26,4,22,46,education
1722,1722,10,25,3,18,136,education
1723,1723,12,25,6,5,88,pharmaceutical
1724,1724,12,6,5,11,105,software
1725,1725,0,4,0,18,122,software
1726,1726,17,18,6,25,195,education
1727,1727,1,27,0,27,199,software
1728,1728,4,17,3,1,130,realestate
1729,1729,18,7,4,24,71,realestate
1730,1730,10,22,5,17,123,pharmaceutical
1731,1731,17,17,9,18,203,pharmaceutical
1732,1732,15,4,0,19,196,financial
1733,1733,9,7,1,25,64,education
1734,1734,4,24,3,14,163,financial
1735,1735,4,25,2,28,160,financial
1736,1736,2,11,1,23,203,education
1737,1737,0,14,1,7,121,software
1738,1738,5,2,4,29,101,software
1739,1739,13,19,7,17,115,education
1740,1740,0,8,5,11,119,pharmaceutical
1741,1741,18,27,7,27,72,software
1742,1742,6,14,0,29,59,retail
1743,1743,2,20,7,6,210,realestate
1744,1744,4,18,0,21,142,pharmaceutical
1745,1745,15,19,7,5,197,education
1746,1746,19,29,2,5,111,retail
1747,1747,3,16,9,23,175,financial
1748,1748,8,9,7,13,192,financial
1749,1749,2,9,2,1,217,retail
1750,1750,5,22,2,24,110,retail
1751,1751,7,9,7,23,125,software
1752,1752,3,22,5,19,182,financial
1753,1753,17,11,4,14,185,software
1754,1754,4,0,8,12,195,realestate
1755,1755,16,27,8,18,159,education
1756,1756,12,3,4,19,91,realestate
1757,1757,9,24,3,27,45,pharmaceutical
1758,1758,10,9,1,20,156,pharmaceutical
1759,1759,16,21,4,9,154,software
1760,1760,3,29,9,29,181,education
1761,1761,17,1,4,12,185,retail
1762,1762,6,25,5,18,83,realestate
1763,1763,14,13,3,11,198,retail
1764,1764,9,19,9,16,102,realestate
1765,1765,15,2,2,3,201,financial
1766,1766,19,4,5,0,84,education
1767,1767,1,16,0,12,189,realestate
1768,1768,12,0,7,9,109,software
1769,1769,15,27,3,3,195,pharmaceutical
1770,1770,1,4,5,28,215,realestate
1771,1771,13,27,1,21,134,financial
1772,1772,13,14,3,7,104,software
1773,1773,4,17,3,15,194,software
1774,1774,6,27,1,0,45,education
1775,1775,11,10,3,23,100,retail
1776,1776,3,20,9,12,212,retail
1777,1777,16,20,4,16,153,realestate
1778,1778,19,14,5,7,110,pharmaceutical
1779,1779,12,23,3,25,82,retail
1780,1780,8,23,7,13,148,education
1781,1781,13,0,2,7,104,education
1782,1782,5,23,8,19,124,realestate
1783,1783,3,24,8,0,195,pharmaceutical
1784,1784,0,17,0,25,119,education
1785,1785,6,12,3,26,67,retail
1786,1786,19,16,2,23,112,software
1787,1787,11,14,4,13,122,software
1788,1788,17,28,7,5,198,education
1789,1789,9,22,3,23,50,retail
1790,1790,10,16,0,8,109,software
1791,1791,9,17,9,15,72,retail
1792,1792,10,27,1,21,135,education
1793,1793,14,25,1,21,182,realestate
1794,1794,7,6,9,16,121,pharmaceutical
1795,1795,10,12,5,27,106,pharmaceutical
1796,1796,16,20,1,11,147,software
1797,1797,4,28,0,29,183,software
1798,1798,14,15,8,25,190,software
1799,1799,6,27,4,4,48,software
1800,1800,12,18,1,17,80,retail
1801,1801,13,10,4,14,132,realestate
1802,1802,12,24,5,24,101,realestate
1803,1803,13,10,3,8,139,realestate
1804,1804,12,9,7,4,94,education
1805,1805,3,22,2,0,213,realestate
1806,1806,12,12,7,25,96,education
1807,1807,18,5,1,18,80,education
1808,1808,8,2,3,10,119,pharmaceutical
1809,1809,7,14,2,15,120,software
1810,1810,15,9,3,9,203,education
1811,1811,14,15,7,2,196,retail
1812,1812,12,5,8,23,84,financial
1813,1813,13,8,7,1,133,realestate
1814,1814,5,4,0,29,105,realestate
1815,1815,18,0,9,12,83,education
1816,1816,7,27,2,16,157,software
1817,1817,14,16,6,20,182,retail
1818,1818,3,7,2,17,188,retail
1819,1819,14,22,7,20,181,retail
1820,1820,15,25,3,11,178,realestate
1821,1821,19,17,1,19,80,realestate
1822,1822,10,22,9,5,136,realestate
1823,1823,19,9,4,20,83,pharmaceutical
1824,1824,5,27,3,1,130,realestate
1825,1825,15,14,7,23,187,realestate
1826,1826,15,10,0,15,192,software
1827,1827,11,12,5,0,108,financial
1828,1828,18,13,3,20,95,software
1829,1829,8,23,1,5,142,retail
1830,1830,6,15,8,5,83,financial
1831,1831,8,4,3,19,188,retail
1832,1832,16,11,5,29,153,software
1833,1833,2,20,8,17,213,financial
1834,1834,6,5,0,3,40,realestate
1835,1835,10,28,8,4,104,realestate
1836,1836,10,9,0,20,111,realestate
1837,1837,9,25,3,13,83,financial
1838,1838,19,24,3,5,118,education
1839,1839,15,0,6,26,206,software
1840,1840,2,16,3,2,208,software
1841,1841,6,6,9,26,67,education
1842,1842,15,25,8,23,196,education
1843,1843,2,4,2,17,207,education
1844,1844,17,15,7,9,187,retail
1845,1845,2,5,8,20,207,retail
1846,1846,6,23,2,15,41,software
1847,1847,15,5,0,17,202,pharmaceutical
1848,1848,1,26,8,22,232,software
1849,1849,7,1,4,17,153,retail
1850,1850,16,21,0,18,155,realestate
1851,1851,3,17,5,25,178,education
1852,1852,15,19,2,26,191,education
1853,1853,3,0,2,12,202,realestate
1854,1854,17,14,7,1,194,software
1855,1855,7,1,3,2,154,pharmaceutical
1856,1856,8,18,5,26,119,realestate
1857,1857,18,1,8,20,103,software
1858,1858,8,29,3,0,150,pharmaceutical
1859,1859,15,24,1,7,202,retail
1860,1860,18,23,8,11,91,retail
1861,1861,15,20,0,22,195,retail
1862,1862,11,26,2,20,97,software
1863,1863,10,4,9,8,142,realestate
1864,1864,13,7,3,29,137,financial
1865,1865,4,25,7,24,186,realestate
1866,1866,7,26,6,6,164,retail
1867,1867,16,13,1,0,146,retail
1868,1868,4,16,7,15,187,retail
1869,1869,4,24,2,12,154,pharmaceutical
1870,1870,4,4,4,7,134,pharmaceutical
1871,1871,16,17,5,2,152,education
1872,1872,2,24,8,14,202,software
1873,1873,2,29,5,23,203,software
1874,1874,11,14,5,24,95,software
1875,1875,4,6,6,12,131,realestate
1876,1876,6,21,0,5,75,pharmaceutical
1877,1877,12,24,4,13,96,education
1878,1878,18,22,9,17,83,education
1879,1879,3,10,5,6,216,pharmaceutical
1880,1880,14,26,5,8,186,education
1881,1881,9,22,5,9,93,realestate
1882,1882,14,7,9,3,180,realestate
1883,1883,15,28,1,16,180,financial
1884,1884,12,3,1,8,83,financial
1885,1885,17,27,1,5,197,retail
1886,1886,8,18,6,28,197,retail
1887,1887,7,1,9,14,162,financial
1888,1888,19,14,5,25,73,realestate
1889,1889,12,11,4,27,105,financial
1890,1890,8,9,0,20,204,realestate
1891,1891,16,9,5,6,152,financial
1892,1892,5,19,5,4,111,realestate
1893,1893,13,25,0,19,97,retail
1894,1894,8,14,3,14,136,financial
1895,1895,0,8,5,24,120,education
1896,1896,2,14,1,4,208,pharmaceutical
1897,1897,17,12,6,3,184,realestate
1898,1898,11,8,2,18,96,realestate
1899,1899,11,10,2,29,124,realestate
1900,1900,1,7,3,24,188,realestate
1901,1901,2,12,4,17,208,realestate
1902,1902,18,8,4,27,63,financial
1903,1903,4,22,7,21,179,software
1904,1904,4,12,7,11,144,realestate
1905,1905,7,7,2,28,120,software
1906,1906,11,11,6,25,111,pharmaceutical
1907,1907,12,6,9,10,78,software
1908,1908,11,17,6,2,112,realestate
1909,1909,7,27,1,28,135,education
1910,1910,5,17,8,9,114,pharmaceutical
1911,1911,9,20,6,23,54,realestate
1912,1912,13,17,3,3,131,retail
1913,1913,6,20,4,0,66,retail
1914,1914,9,1,1,7,101,pharmaceutical
1915,1915,2,12,7,21,214,pharmaceutical
1916,1916,19,14,9,11,94,realestate
1917,1917,17,3,8,26,188,education
1918,1918,7,28,4,18,138,realestate
1919,1919,15,20,3,15,183,retail
1920,1920,17,5,3,3,204,retail
1921,1921,4,19,1,17,136,software
1922,1922,9,7,3,7,83,retail
1923,1923,12,13,1,6,107,retail
1924,1924,6,27,6,0,44,financial
1925,1925,11,8,2,1,134,software
1926,1926,17,18,7,15,198,financial
1927,1927,19,28,6,14,85,pharmaceutical
1928,1928,1,19,1,26,215,realestate
1929,1929,1,17,3,10,164,education
1930,1930,7,4,7,27,127,realestate
1931,1931,11,10,6,9,132,financial
1932,1932,10,8,4,19,131,retail
1933,1933,17,28,0,23,197,realestate
1934,1934,14,26,2,15,199,pharmaceutical
1935,1935,0,27,7,14,123,retail
1936,1936,12,22,2,26,79,pharmaceutical
1937,1937,8,12,4,7,127,financial
1938,1938,19,5,0,29,91,education
1939,1939,10,22,2,9,92,software
1940,1940,4,13,4,22,191,retail
1941,1941,16,21,4,13,159,retail
1942,1942,6,22,3,12,48,financial
1943,1943,2,4,4,15,199,pharmaceutical
1944,1944,0,20,8,11,120,software
1945,1945,16,0,0,13,146,pharmaceutical
1946,1946,6,8,2,11,53,pharmaceutical
1947,1947,8,7,9,27,201,education
1948,1948,14,24,9,9,184,realestate
1949,1949,15,1,6,5,208,education
1950,1950,5,0,7,0,127,retail
1951,1951,17,19,0,24,187,financial
1952,1952,19,6,1,25,74,software
1953,1953,11,21,4,23,136,pharmaceutical
1954,1954,13,7,0,22,138,pharmaceutical
1955,1955,16,26,2,25,146,financial
1956,1956,5,20,9,9,130,education
1957,1957,7,22,3,14,141,financial
1958,1958,3,19,2,16,188,pharmaceutical
1959,1959,10,18,1,11,98,retail
1960,1960,8,16,9,8,173,education
1961,1961,10,11,6,10,125,retail
1962,1962,13,16,5,18,98,pharmaceutical
1963,1963,12,13,0,11,108,education
1964,1964,6,1,1,2,81,software
1965,1965,0,6,6,13,122,realestate
1966,1966,15,25,6,19,206,retail
1967,1967,14,4,7,9,188,software
1968,1968,13,23,7,6,126,retail
1969,1969,6,21,4,20,55,retail
1970,1970,19,9,2,17,105,software
1971,1971,5,16,9,18,106,realestate
1972,1972,2,29,1,27,216,pharmaceutical
1973,1973,14,16,2,21,193,pharmaceutical
1974,1974,6,16,0,24,48,education
1975,1975,9,28,2,2,85,realestate
1976,1976,1,6,6,21,166,pharmaceutical
1977,1977,15,21,5,18,201,software
1978,1978,3,23,8,14,197,education
1979,1979,13,29,7,18,105,software
1980,1980,19,11,2,0,83,pharmaceutical
1981,1981,12,25,2,23,96,financial
1982,1982,14,6,8,7,181,financial
1983,1983,8,26,7,21,130,realestate
1984,1984,17,9,8,1,196,realestate
1985,1985,1,8,7,6,190,education
1986,1986,7,0,9,20,134,financial
1987,1987,1,15,8,15,212,software
1988,1988,18,21,7,25,67,financial
1989,1989,3,3,9,2,169,financial
1990,1990,2,11,5,9,201,financial
1991,1991,10,15,0,16,101,financial
1992,1992,16,5,5,9,152,retail
1993,1993,10,21,7,4,151,realestate
1994,1994,2,23,8,22,217,retail
1995,1995,14,26,7,20,193,financial
1996,1996,5,5,6,27,100,pharmaceutical
1997,1997,7,8,7,7,167,software
1998,1998,6,21,4,27,45,education
1999,1999,18,27,1,6,63,software
